route_id,direction,seq,stop_id,travel_min_from_start
tram_5,0,1,tram_shyambazar,
tram_5,0,2,tram_bidhan_sarani_sri_aurobindo_sarani,
tram_5,0,3,tram_college_street,
tram_5,0,4,tram_college_street_bepin_behari_ganguly_street,
tram_5,0,5,tram_nirmal_chandra_dev_street,
tram_5,0,6,tram_lenin_sarani_nirmal_chandra_dev_street,
tram_5,0,7,tram_esplanade,
tram_5,1,1,tram_esplanade,
tram_5,1,2,tram_lenin_sarani_nirmal_chandra_dev_street,
tram_5,1,3,tram_nirmal_chandra_dev_street,
tram_5,1,4,tram_college_street_bepin_behari_ganguly_street,
tram_5,1,5,tram_college_street,
tram_5,1,6,tram_bidhan_sarani_sri_aurobindo_sarani,
tram_5,1,7,tram_shyambazar,
tram_25,0,1,tram_gariahat_depot,
tram_25,0,2,tram_park_circus,
tram_25,0,3,tram_park_circus_seven_point,
tram_25,0,4,tram_acharya_jagadish_chandra_bose_road_elliot_road,
tram_25,0,5,tram_rafi_ahmad_kidwai_road_elliot_road,
tram_25,0,6,tram_lenin_sarani_nirmal_chandra_dev_street,
tram_25,0,7,tram_esplanade,
tram_25,1,1,tram_esplanade,
tram_25,1,2,tram_lenin_sarani_nirmal_chandra_dev_street,
tram_25,1,3,tram_rafi_ahmad_kidwai_road_elliot_road,
tram_25,1,4,tram_acharya_jagadish_chandra_bose_road_elliot_road,
tram_25,1,5,tram_park_circus_seven_point,
tram_25,1,6,tram_park_circus,
tram_25,1,7,tram_gariahat_depot,
