route_id,route_name,mode,operator,origin,destination,headway_min_peak,headway_min_offpeak,first_service,last_service,fare_min_inr,fare_max_inr,source_id,confidence,notes
rail_circular,Circular Railway (via BBD Bag) and through services,rail,"Eastern Railway, Sealdah division",Gede,Majherhat,46,60,05:37,20:10,5,,S-MR-06;S-MR-01,community,"33 trips in erail (33 on weekdays); headways are medians of weekday departure gaps at BBD Bagh (BBDB), both directions, peak 07-10 and 17-20, off-peak 11-16. first/last = earliest/latest weekday trip departure from its origin. 2 trips continue beyond the region and are clipped. Fare by distance, see fares.csv. Route has branches/through patterns, so route_stops shows only the longest trip pattern (train 30142); see timetable.csv for every trip. Route length about 128 km."
rail_north_south_through,North-South through services via Kankurgachi link (bypassing Sealdah),rail,"Eastern Railway, Sealdah division",Canning,Bangaon Junction,52,62,05:52,18:38,5,25,S-MR-06;S-MR-01,community,"14 trips in erail (14 on weekdays); headways are medians of weekday departure gaps at Dum Dum Junction (DDJ), both directions, peak 07-10 and 17-20, off-peak 11-16. first/last = earliest/latest weekday trip departure from its origin. 0 trips continue beyond the region and are clipped. Fare by distance, see fares.csv. Route has branches/through patterns, so route_stops shows only the longest trip pattern (train 34062); see timetable.csv for every trip. Route length about 121 km."
rail_sdah_dankuni,Sealdah - Dankuni (via Dakshineswar),rail,"Eastern Railway, Sealdah division",Sealdah,Baruipara,46,65,04:07,23:40,5,10,S-MR-06;S-MR-01,community,"45 trips in erail (45 on weekdays); headways are medians of weekday departure gaps at Sealdah (SDAH), both directions, peak 07-10 and 17-20, off-peak 11-16. first/last = earliest/latest weekday trip departure from its origin. 0 trips continue beyond the region and are clipped. Fare by distance, see fares.csv. Route length about 39 km."
rail_sdah_katwa,Sealdah - Naihati - Bandel - Katwa line,rail,Eastern Railway,Sealdah,Mertala Phaleya,,,08:05,16:27,5,,S-MR-06;S-MR-01,community,"2 trips in erail (2 on weekdays); headways are medians of weekday departure gaps at Sealdah (SDAH), both directions, peak 07-10 and 17-20, off-peak 11-16. first/last = earliest/latest weekday trip departure from its origin. 2 trips continue beyond the region and are clipped. Fare by distance, see fares.csv. Route length about 126 km."
rail_sdah_bardhaman,Sealdah - Naihati - Bandel - Bardhaman,rail,Eastern Railway,Sealdah,Guskara,55,,10:15,14:40,5,,S-MR-06;S-MR-01,community,"4 trips in erail (4 on weekdays); headways are medians of weekday departure gaps at Sealdah (SDAH), both directions, peak 07-10 and 17-20, off-peak 11-16. first/last = earliest/latest weekday trip departure from its origin. 2 trips continue beyond the region and are clipped. Fare by distance, see fares.csv. Route length about 150 km."
rail_bandel_naihati,Naihati - Bandel,rail,Eastern Railway,Naihati Junction,Bandel Junction,46,80,04:10,23:58,5,5,S-MR-06;S-MR-01,community,"38 trips in erail (38 on weekdays); headways are medians of weekday departure gaps at Bandel Junction (BDC), both directions, peak 07-10 and 17-20, off-peak 11-16. first/last = earliest/latest weekday trip departure from its origin. 0 trips continue beyond the region and are clipped. Fare by distance, see fares.csv. Route length about 9 km."
rail_sdah_hasnabad,Sealdah - Barasat - Hasnabad,rail,"Eastern Railway, Sealdah division",Sealdah,Hasnabad,37,41,03:05,22:20,5,20,S-MR-06;S-MR-01,community,"48 trips in erail (48 on weekdays); headways are medians of weekday departure gaps at Barasat Junction (BT), both directions, peak 07-10 and 17-20, off-peak 11-16. first/last = earliest/latest weekday trip departure from its origin. 0 trips continue beyond the region and are clipped. Fare by distance, see fares.csv. Route length about 77 km."
rail_ranaghat_bangaon,Ranaghat - Bangaon,rail,"Eastern Railway, Sealdah division",Ranaghat Junction,Bangaon Junction,73,65,04:15,23:25,5,10,S-MR-06;S-MR-01,community,"33 trips in erail (33 on weekdays); headways are medians of weekday departure gaps at Bangaon Junction (BNJ), both directions, peak 07-10 and 17-20, off-peak 11-16. first/last = earliest/latest weekday trip departure from its origin. 0 trips continue beyond the region and are clipped. Fare by distance, see fares.csv. Route length about 32 km."
rail_sdah_bangaon,Sealdah - Barasat - Bangaon,rail,"Eastern Railway, Sealdah division",Sealdah,Shantipur Junction,13,20,02:58,23:58,5,25,S-MR-06;S-MR-01,community,"139 trips in erail (139 on weekdays); headways are medians of weekday departure gaps at Barasat Junction (BT), both directions, peak 07-10 and 17-20, off-peak 11-16. first/last = earliest/latest weekday trip departure from its origin. 0 trips continue beyond the region and are clipped. Fare by distance, see fares.csv. Route length about 112 km."
rail_sdah_shantipur,Sealdah - Ranaghat - Shantipur,rail,"Eastern Railway, Sealdah division",Sealdah,Krishnanagar City Junction,40,26,03:22,22:45,5,20,S-MR-06;S-MR-01,community,"47 trips in erail (47 on weekdays); headways are medians of weekday departure gaps at Shantipur Junction (STB), both directions, peak 07-10 and 17-20, off-peak 11-16. first/last = earliest/latest weekday trip departure from its origin. 0 trips continue beyond the region and are clipped. Fare by distance, see fares.csv. Route length about 96 km."
rail_sdah_gede,Sealdah - Ranaghat - Gede,rail,"Eastern Railway, Sealdah division",Sealdah,Gede,49,66,03:50,21:58,5,25,S-MR-06;S-MR-01,community,"39 trips in erail (39 on weekdays); headways are medians of weekday departure gaps at Ranaghat Junction (RHA), both directions, peak 07-10 and 17-20, off-peak 11-16. first/last = earliest/latest weekday trip departure from its origin. 0 trips continue beyond the region and are clipped. Fare by distance, see fares.csv. Route length about 119 km."
rail_sdah_krishnanagar,Sealdah - Ranaghat - Krishnanagar,rail,"Eastern Railway, Sealdah division",Sealdah,Dhubulia,38,25,03:20,23:25,5,25,S-MR-06;S-MR-01,community,"68 trips in erail (66 on weekdays); headways are medians of weekday departure gaps at Krishnanagar City Junction (KNJ), both directions, peak 07-10 and 17-20, off-peak 11-16. first/last = earliest/latest weekday trip departure from its origin. 21 trips continue beyond the region and are clipped. Fare by distance, see fares.csv. Route length about 115 km."
rail_sdah_kalyani_simanta,Sealdah - Kalyani Simanta,rail,"Eastern Railway, Sealdah division",Sealdah,Kalyani Simanta,89,65,04:10,23:46,5,15,S-MR-06;S-MR-01,community,"32 trips in erail (32 on weekdays); headways are medians of weekday departure gaps at Naihati Junction (NH), both directions, peak 07-10 and 17-20, off-peak 11-16. first/last = earliest/latest weekday trip departure from its origin. 0 trips continue beyond the region and are clipped. Fare by distance, see fares.csv. Route length about 56 km."
rail_sdah_ranaghat,Sealdah - Naihati - Ranaghat (main line),rail,"Eastern Railway, Sealdah division",Sealdah,Ranaghat Junction,11,22,04:05,23:58,5,20,S-MR-06;S-MR-01,community,"114 trips in erail (114 on weekdays); headways are medians of weekday departure gaps at Dum Dum Junction (DDJ), both directions, peak 07-10 and 17-20, off-peak 11-16. first/last = earliest/latest weekday trip departure from its origin. 0 trips continue beyond the region and are clipped. Fare by distance, see fares.csv. Route has branches/through patterns, so route_stops shows only the longest trip pattern (train 31617); see timetable.csv for every trip. Route length about 76 km."
rail_sdah_budge_budge,Sealdah - Majerhat - Budge Budge,rail,"Eastern Railway, Sealdah division",Sealdah,Komagata Maru Budge Budge,46,48,00:05,23:10,5,10,S-MR-06;S-MR-01,community,"52 trips in erail (52 on weekdays); headways are medians of weekday departure gaps at Sealdah (SDAH), both directions, peak 07-10 and 17-20, off-peak 11-16. first/last = earliest/latest weekday trip departure from its origin. 0 trips continue beyond the region and are clipped. Fare by distance, see fares.csv. Route length about 26 km."
rail_sdah_canning,Sealdah - Sonarpur - Canning,rail,"Eastern Railway, Sealdah division",Sealdah,Canning,24,40,03:45,23:19,5,10,S-MR-06;S-MR-01,community,"66 trips in erail (66 on weekdays); headways are medians of weekday departure gaps at Sonarpur Junction (SPR), both directions, peak 07-10 and 17-20, off-peak 11-16. first/last = earliest/latest weekday trip departure from its origin. 0 trips continue beyond the region and are clipped. Fare by distance, see fares.csv. Route has branches/through patterns, so route_stops shows only the longest trip pattern (train 34520); see timetable.csv for every trip. Route length about 45 km."
rail_sdah_namkhana,Sealdah - Baruipur - Lakshmikantapur - Namkhana,rail,"Eastern Railway, Sealdah division",Sealdah,Namkhana,23,32,03:00,23:47,5,25,S-MR-06;S-MR-01,community,"91 trips in erail (91 on weekdays); headways are medians of weekday departure gaps at Lakshmikantapur (LKPR), both directions, peak 07-10 and 17-20, off-peak 11-16. first/last = earliest/latest weekday trip departure from its origin. 0 trips continue beyond the region and are clipped. Fare by distance, see fares.csv. Route has branches/through patterns, so route_stops shows only the longest trip pattern (train 34793); see timetable.csv for every trip. Route length about 108 km."
rail_sdah_diamond_harbour,Sealdah - Baruipur - Diamond Harbour,rail,"Eastern Railway, Sealdah division",Sealdah,Diamond Harbour,28,48,03:00,23:52,5,15,S-MR-06;S-MR-01,community,"64 trips in erail (64 on weekdays); headways are medians of weekday departure gaps at Baruipur Junction (BRP), both directions, peak 07-10 and 17-20, off-peak 11-16. first/last = earliest/latest weekday trip departure from its origin. 0 trips continue beyond the region and are clipped. Fare by distance, see fares.csv. Route length about 60 km."
rail_sdah_south_short,Sealdah - Ballygunge - Sonarpur - Baruipur (short workings),rail,"Eastern Railway, Sealdah division",Sealdah,Baruipur Junction,20,18,04:15,22:27,5,10,S-MR-06;S-MR-01,community,"72 trips in erail (72 on weekdays); headways are medians of weekday departure gaps at Sonarpur Junction (SPR), both directions, peak 07-10 and 17-20, off-peak 11-16. first/last = earliest/latest weekday trip departure from its origin. 0 trips continue beyond the region and are clipped. Fare by distance, see fares.csv. Route length about 25 km."
rail_hwh_katwa,Howrah - Bandel - Katwa line,rail,"Eastern Railway, Howrah division",Howrah Junction,Mertala Phaleya,45,75,03:05,23:25,5,25,S-MR-06;S-MR-01,community,"36 trips in erail (36 on weekdays); headways are medians of weekday departure gaps at Bandel Junction (BDC), both directions, peak 07-10 and 17-20, off-peak 11-16. first/last = earliest/latest weekday trip departure from its origin. 36 trips continue beyond the region and are clipped. Fare by distance, see fares.csv. Route length about 115 km."
rail_hwh_tarakeswar,Howrah - Seoraphuli - Tarakeswar - Arambag - Goghat,rail,"Eastern Railway, Howrah division",Howrah Junction,Goghat,18,25,03:40,23:15,5,20,S-MR-06;S-MR-01,community,"113 trips in erail (113 on weekdays); headways are medians of weekday departure gaps at Tarakeswar (TAK), both directions, peak 07-10 and 17-20, off-peak 11-16. first/last = earliest/latest weekday trip departure from its origin. 0 trips continue beyond the region and are clipped. Fare by distance, see fares.csv. Route length about 91 km."
rail_hwh_belur_math,Howrah - Belur Math,rail,"Eastern Railway, Howrah division",Howrah Junction,Belur Math,65,,08:23,19:10,5,5,S-MR-06;S-MR-01,community,"5 trips in erail (5 on weekdays); headways are medians of weekday departure gaps at Belur Math (BRMH), both directions, peak 07-10 and 17-20, off-peak 11-16. first/last = earliest/latest weekday trip departure from its origin. 0 trips continue beyond the region and are clipped. Fare by distance, see fares.csv. Route length about 7 km."
rail_hwh_bardhaman_main,Howrah - Bandel - Bardhaman (main line),rail,"Eastern Railway, Howrah division",Howrah Junction,Barddhaman Junction,10,11,01:30,23:45,5,25,S-MR-06;S-MR-01,community,"188 trips in erail (186 on weekdays); headways are medians of weekday departure gaps at Howrah Junction (HWH), both directions, peak 07-10 and 17-20, off-peak 11-16. first/last = earliest/latest weekday trip departure from its origin. 0 trips continue beyond the region and are clipped. Fare by distance, see fares.csv. Route length about 107 km."
rail_hwh_bardhaman_chord,Howrah - Dankuni - Bardhaman (chord line),rail,"Eastern Railway, Howrah division",Howrah Junction,Guskara,20,30,02:55,23:36,5,20,S-MR-06;S-MR-01,community,"98 trips in erail (96 on weekdays); headways are medians of weekday departure gaps at Barddhaman Junction (BWN), both directions, peak 07-10 and 17-20, off-peak 11-16. first/last = earliest/latest weekday trip departure from its origin. 31 trips continue beyond the region and are clipped. Fare by distance, see fares.csv. Route length about 95 km."
rail_hwh_amta,Howrah - Santragachi - Amta,rail,"South Eastern Railway, Kharagpur division",Howrah Junction,Amta,75,156,04:00,22:15,5,15,S-MR-06;S-MR-01,community,"24 trips in erail (24 on weekdays); headways are medians of weekday departure gaps at Harishdapur (HDC), both directions, peak 07-10 and 17-20, off-peak 11-16. first/last = earliest/latest weekday trip departure from its origin. 0 trips continue beyond the region and are clipped. Fare by distance, see fares.csv. Route length about 52 km."
rail_hwh_haldia,Howrah - Panskura - Haldia,rail,"South Eastern Railway, Kharagpur division",Howrah Junction,Haldia,,270,05:40,17:55,5,,S-MR-06;S-MR-01,community,"8 trips in erail (8 on weekdays); headways are medians of weekday departure gaps at Raghunathbari (RGX), both directions, peak 07-10 and 17-20, off-peak 11-16. first/last = earliest/latest weekday trip departure from its origin. 0 trips continue beyond the region and are clipped. Fare by distance, see fares.csv. Route length about 143 km."
rail_hwh_kharagpur,"Howrah - Santragachi - Panskura (Kharagpur line, clipped at Panskura)",rail,"South Eastern Railway, Kharagpur division",Howrah Junction,Panskura Junction,10,20,02:45,23:30,5,20,S-MR-06;S-MR-01,community,"164 trips in erail (162 on weekdays); headways are medians of weekday departure gaps at Santragachi Junction (SRC), both directions, peak 07-10 and 17-20, off-peak 11-16. first/last = earliest/latest weekday trip departure from its origin. 69 trips continue beyond the region and are clipped. Fare by distance, see fares.csv. Route has branches/through patterns, so route_stops shows only the longest trip pattern (train 38702); see timetable.csv for every trip. Route length about 88 km."
