mode,operator,fare_type,distance_from_km,distance_to_km,fare_inr,effective_date,source_id,notes
bus,private/WBTC ordinary (Kolkata city and suburban),slab,0,4,7,2018-06-11,AF-WBX-BUS,"Notification 2528-WT/3M-47/2008 Pt III, reproduced on wbxpress.com; beyond 24 km add Re 1 per 4 km. Still the legal fare in Oct 2026 but see AF-PRINT: operators charge about Rs 10 at stage 1 unofficially, hike decision promised after Durga Puja 2026"
bus,private/WBTC ordinary (Kolkata city and suburban),slab,4,8,9,2018-06-11,AF-WBX-BUS,"Notification 2528-WT/3M-47/2008 Pt III, reproduced on wbxpress.com; beyond 24 km add Re 1 per 4 km. Still the legal fare in Oct 2026 but see AF-PRINT: operators charge about Rs 10 at stage 1 unofficially, hike decision promised after Durga Puja 2026"
bus,private/WBTC ordinary (Kolkata city and suburban),slab,8,12,9,2018-06-11,AF-WBX-BUS,"Notification 2528-WT/3M-47/2008 Pt III, reproduced on wbxpress.com; beyond 24 km add Re 1 per 4 km. Still the legal fare in Oct 2026 but see AF-PRINT: operators charge about Rs 10 at stage 1 unofficially, hike decision promised after Durga Puja 2026"
bus,private/WBTC ordinary (Kolkata city and suburban),slab,12,16,10,2018-06-11,AF-WBX-BUS,"Notification 2528-WT/3M-47/2008 Pt III, reproduced on wbxpress.com; beyond 24 km add Re 1 per 4 km. Still the legal fare in Oct 2026 but see AF-PRINT: operators charge about Rs 10 at stage 1 unofficially, hike decision promised after Durga Puja 2026"
bus,private/WBTC ordinary (Kolkata city and suburban),slab,16,20,11,2018-06-11,AF-WBX-BUS,"Notification 2528-WT/3M-47/2008 Pt III, reproduced on wbxpress.com; beyond 24 km add Re 1 per 4 km. Still the legal fare in Oct 2026 but see AF-PRINT: operators charge about Rs 10 at stage 1 unofficially, hike decision promised after Durga Puja 2026"
bus,private/WBTC ordinary (Kolkata city and suburban),slab,20,24,12,2018-06-11,AF-WBX-BUS,"Notification 2528-WT/3M-47/2008 Pt III, reproduced on wbxpress.com; beyond 24 km add Re 1 per 4 km. Still the legal fare in Oct 2026 but see AF-PRINT: operators charge about Rs 10 at stage 1 unofficially, hike decision promised after Durga Puja 2026"
minibus,private minibus/special/limited (Kolkata city and suburban),slab,0,3,8,2018-06-11,AF-WBX-BUS,Same 2018 notification; unofficial higher stage-1 fares reported in 2026 (AF-PRINT)
minibus,private minibus/special/limited (Kolkata city and suburban),slab,3,6,9,2018-06-11,AF-WBX-BUS,Same 2018 notification; unofficial higher stage-1 fares reported in 2026 (AF-PRINT)
minibus,private minibus/special/limited (Kolkata city and suburban),slab,6,10,10,2018-06-11,AF-WBX-BUS,Same 2018 notification; unofficial higher stage-1 fares reported in 2026 (AF-PRINT)
minibus,private minibus/special/limited (Kolkata city and suburban),slab,10,16,11,2018-06-11,AF-WBX-BUS,Same 2018 notification; unofficial higher stage-1 fares reported in 2026 (AF-PRINT)
bus,Express intra-state (West Bengal),slab,0,6,8.5,2018-06-11,AF-WBX-BUS,Rs 8.50 up to 6 km then Re 0.75 per km; not Kolkata city service
bus,Districts ordinary (excl Darjeeling/Kalimpong),slab,0,4,7,2018-06-11,AF-WBX-BUS,Then Re 0.70 per km
bus,Districts minibus/limited,slab,0,4,8,2018-06-11,AF-WBX-BUS,Then Re 0.75 per km
bus,private operators (unofficial),flat,,,10,2026-09-14,AF-PRINT,Stage 1 fare actually charged by private operators per ThePrint; official stage 1 is Rs 7; operators demand Rs 20; Transport Minister Arjun Singh said decision after Durga Puja (confidence: community/news)
taxi,"meter taxi (yellow), West Bengal",slab,0,2,30,2018-06-11,AF-WBX-TAXI,"Minimum fare up to 2 km; then Rs 3 per 0.2 km; luggage Rs 5; waiting Rs 2 per 2m12s; AC taxi plus 25 percent. Possibly superseded, 2026 tariff not found"
auto,share auto (route permit),flat,,,,2026-03,AF-WBX-POLICY,"No government fare schedule found for route autos; Auto-Rickshaw Policy 2018 has no fare provisions; per-route fares are set by unions. Observed route fares are in data/auto/routes.csv. LPG-driven hikes of Rs 2 to 10 around 11 and 23 Mar 2026 (AF-BART, AF-AJT, AF-SUBK)"
metro,Metro Railway Kolkata (Blue Line N-S),token,0,2,5,,AF-WIKI-METRO,Wikipedia Fare section (undated); matches kolkatametrorail.com (AF-KMR). Official mtp.indianrailways.gov.in fare chart page says Coming soon (AF-MTP) so not primary-verified
metro,Metro Railway Kolkata (Blue Line N-S),token,2,5,10,,AF-WIKI-METRO,Wikipedia Fare section (undated); matches kolkatametrorail.com (AF-KMR). Official mtp.indianrailways.gov.in fare chart page says Coming soon (AF-MTP) so not primary-verified
metro,Metro Railway Kolkata (Blue Line N-S),token,5,10,15,,AF-WIKI-METRO,Wikipedia Fare section (undated); matches kolkatametrorail.com (AF-KMR). Official mtp.indianrailways.gov.in fare chart page says Coming soon (AF-MTP) so not primary-verified
metro,Metro Railway Kolkata (Blue Line N-S),token,10,20,20,,AF-WIKI-METRO,Wikipedia Fare section (undated); matches kolkatametrorail.com (AF-KMR). Official mtp.indianrailways.gov.in fare chart page says Coming soon (AF-MTP) so not primary-verified
metro,Metro Railway Kolkata (Blue Line N-S),token,20,,25,,AF-WIKI-METRO,Wikipedia Fare section (undated); matches kolkatametrorail.com (AF-KMR). Official mtp.indianrailways.gov.in fare chart page says Coming soon (AF-MTP) so not primary-verified
metro,"Metro Railway Kolkata (other lines: Green, Orange, Purple, Yellow)",token,0,2,5,,AF-WIKI-METRO,"Wikipedia Fare section (undated). Aggregators disagree, e.g. kolkatametro.org (AF-KMORG) gives station-count slabs Rs 5 to 30; yometro (AF-YOM) and metrofare.in (AF-MFARE) give other tables with 9 and 7 slabs. Treat as unverified until official chart found"
metro,"Metro Railway Kolkata (other lines: Green, Orange, Purple, Yellow)",token,2,5,10,,AF-WIKI-METRO,"Wikipedia Fare section (undated). Aggregators disagree, e.g. kolkatametro.org (AF-KMORG) gives station-count slabs Rs 5 to 30; yometro (AF-YOM) and metrofare.in (AF-MFARE) give other tables with 9 and 7 slabs. Treat as unverified until official chart found"
metro,"Metro Railway Kolkata (other lines: Green, Orange, Purple, Yellow)",token,5,10,20,,AF-WIKI-METRO,"Wikipedia Fare section (undated). Aggregators disagree, e.g. kolkatametro.org (AF-KMORG) gives station-count slabs Rs 5 to 30; yometro (AF-YOM) and metrofare.in (AF-MFARE) give other tables with 9 and 7 slabs. Treat as unverified until official chart found"
metro,"Metro Railway Kolkata (other lines: Green, Orange, Purple, Yellow)",token,10,,30,,AF-WIKI-METRO,"Wikipedia Fare section (undated). Aggregators disagree, e.g. kolkatametro.org (AF-KMORG) gives station-count slabs Rs 5 to 30; yometro (AF-YOM) and metrofare.in (AF-MFARE) give other tables with 9 and 7 slabs. Treat as unverified until official chart found"
metro,Metro Railway Kolkata (Blue Line late-night special),flat,,,10,2025-01,AF-WIKI-METRO,"Rs 10 surcharge on special late-night Blue Line services reported Jan 2025 (Business Standard, S-MR-08, and Deccan Herald). Business Standard returns HTTP 403 to automated fetchers, so only the headline was read; unverified. Since 2026-07-27 the regular last Blue Line train is at 22:30 and no 2026 source shows the 2025 night specials or this surcharge still exist"
metro,Metro Railway Kolkata,card,,,,2025-09-25,AF-THEWEEK-METRO|AF-MPOST-METRO,"Smart card terms from 2025-09-25 (AF-THEWEEK-METRO, AF-MPOST-METRO): refundable security deposit Rs 50 (was Rs 80 from Nov 2021, Rs 60 before), minimum issue price Rs 100 (Rs 50 deposit plus Rs 52 ride value including a Rs 2 bonus), 5 percent bonus on recharge value continues, validity 10 years counted from the first gate swipe (existing cards extended to 10 years at their next recharge). Replaces the older 10 percent bonus tiers (Rs 100 gives 110 and so on) quoted by AF-KMR"
rail,Eastern Railway (Sealdah suburban) second class,slab,4,4,5,unknown (proposal reported 2023-11-28),AF-STATESMAN,"Sealdah-Bidhannagar single journey; first class Rs 25; fare from the proposed rationalised table for introducing 1st/2nd class EMUs, so second class numbers may differ from the current ordinary suburban chart"
rail,Eastern Railway (Sealdah suburban) second class,slab,38,38,10,unknown (proposal reported 2023-11-28),AF-STATESMAN,"Sealdah-Naihati single journey; first class Rs 85; fare from the proposed rationalised table for introducing 1st/2nd class EMUs, so second class numbers may differ from the current ordinary suburban chart"
rail,Eastern Railway (Sealdah suburban) second class,slab,46,46,15,unknown (proposal reported 2023-11-28),AF-STATESMAN,"Sealdah-Kanchrapara single journey; first class Rs 90; fare from the proposed rationalised table for introducing 1st/2nd class EMUs, so second class numbers may differ from the current ordinary suburban chart"
rail,Eastern Railway (Sealdah suburban) second class,slab,48,48,15,unknown (proposal reported 2023-11-28),AF-STATESMAN,"Sealdah-Kalyani single journey; first class Rs 90; fare from the proposed rationalised table for introducing 1st/2nd class EMUs, so second class numbers may differ from the current ordinary suburban chart"
rail,Eastern Railway (Sealdah suburban) second class,slab,~21,~21,10,unknown (proposal reported 2023-11-28),AF-STATESMAN,Sealdah-Titagarh single journey (distance not stated in article); first class Rs 55
rail,Indian Railways suburban,slab,,,,2025-07-01,AF-TRAINHELP,"Railways rationalised fares from 1 Jul 2025 with no change for suburban single journey fares or season tickets (headline-level, indiasnews.net returned 403; unverified). Full Kolkata second class distance chart NOT found"
ferry,"multiple (WBSTC, HJPSSL and others)",flat,,,6,2026-05,AF-FERRY2,"Howrah - Chandpal/Babughat: May 2026 page; first 08:00, last 19:45, every 15 min (community, no official tariff found)"
ferry,"multiple (WBSTC, HJPSSL and others)",flat,,,6,2026-05,AF-FERRY2,"Howrah - Fairlie Place: May 2026 page; 08:00 to 19:50 every 10 min (community, no official tariff found)"
ferry,"multiple (WBSTC, HJPSSL and others)",flat,,,6,2026-05,AF-FERRY2,"Howrah - Millennium Park (Shipping jetty): May 2026 page (community, no official tariff found)"
ferry,"multiple (WBSTC, HJPSSL and others)",flat,,,7,2026-05,AF-FERRY2|S-FE-02,"Howrah - Bagbazar: Rs 7 per the WBTC fare list (S-FE-02, search extract), the value used in data/ferry/routes.csv; the May 2026 guide (AF-FERRY2) quotes Rs 6 to 7 (community, no official tariff fetched)"
ferry,"multiple (WBSTC, HJPSSL and others)",flat,,,9,2026-05,AF-FERRY2,"Ahiritola - Bandhaghat: May 2026 page; 05:30 to 21:30 every 15 min (community, no official tariff found)"
ferry,"multiple (WBSTC, HJPSSL and others)",flat,,,11,2026-05,AF-FERRY2,"Belur Math - Dakshineswar: May 2026 page; every 30 min (community, no official tariff found)"
ferry,"multiple (WBSTC, HJPSSL and others)",flat,,,5,,AF-FERRY3,"Howrah - Chandpal/Fairlie/Armenian/Shipping Ghat: Older page (undated), conflicts with 2026 page (community, no official tariff found)"
ferry,"multiple (WBSTC, HJPSSL and others)",flat,,,6,,AF-FERRY3,"Howrah - Bagbazar (via Golabari, Ahiritola, Sovabazar): Older page (undated) (community, no official tariff found)"
ferry,"multiple (WBSTC, HJPSSL and others)",flat,,,10,,AF-FERRY3,"Fairlie Ghat - Dakshineswar/Belur/Aryadaha: Older page (undated); tourism route (community, no official tariff found)"
tram,Calcutta Tramways Company,slab,0,4,6,,S-TR-03,"Regular non-AC tram, up to 4 km, per KolkataOnline tram guide (S-TR-03, undated, still quoted by 2026 search results). Older figure Rs 5 to 6 on the CTC site (AF-CTC, undated) is superseded"
tram,Calcutta Tramways Company,slab,4,,7,,S-TR-03,"Regular non-AC tram, beyond 4 km, per KolkataOnline tram guide (S-TR-03, undated)"
tram,Calcutta Tramways Company,flat,,,20,2026-05,S-TR-03,"AC tram on route 5 (weekday afternoons), per Kolkata Tales May 2026 (S-TR-03, community)"
tram,Calcutta Tramways Company,flat,,,10,,AF-CTC,Heritage trams Banalata/Balaka single onward journey (also in WB Transport note AF-WBTRAM)
tram,Calcutta Tramways Company,flat,,,15,,AF-WBTRAM,All-day ticket from Esplanade Control Office
bus,"WBTC AC buses (Kolkata city and suburban, AC/ACT/EB series)",minimum,0,,20,2014-onwards (undated),AF-KOLBUS,"Community site kolbusopedia.com: minimum AC fare Rs 20, then Rs 5 per distance slab on Janbus and electric buses and Rs 10 per slab on Volvo. Undated and not confirmed for 2026; a 2026 news item shows Rs 25 as the minimum on the newest AC service (next row)"
bus,"WBTC AC service Naihati - Joka (PPP, 10 AC buses, launched 2026-08-23)",range,,,25,2026-08-23,AF-ASIANET-AC,"Asianet News Bangla: fares Rs 25 minimum to Rs 135 maximum for the full Naihati-Joka run (max in this row is the range top, minimum fare is fare_inr). No official WBTC AC fare chart found"
bus,"Yatri Sathi AC shuttle bus (state govt app service, Sonarpur-New Town, Bally-Barrackpore-Serampore to Sector V)",flat,,,39,2026-07,AF-SBPR,"Sangbad Pratidin: first trip Rs 39, regular trips up to Rs 69; operator is the Yatri Sathi app service, not WBTC; pilot July, expansion August 2026"
bus,"Government buses, women passengers (local and long distance)",concession,,,0,2026-06-01,AF-EIMUHURTE,"Ei Muhurte: West Bengal cabinet decision that women travel free on government buses from 2026-06-01 (announced by Agnimitra Paul); report does not state exclusions, so check the notification before relying on it for AC services"
bus,WBTC AC-58 Sonarpur - Eco Space (New Town),flat,,,50,2026-07-03,AF-NAYABHARAT,"Naya Bharat 24x7 (3 Jul 2026): fare Rs 50 fixed, every 30 min, 07:30-09:30 from Sonarpur and 17:00-19:00 from Eco Space; women travel free on this and the AC-57 and S-70 routes. AC-57 and S-70 fares not stated"
