from_stop_id,to_stop_id,source_id,notes
metro_dakshineswar,rail_dakshineshwar,S-MR-01;S-MR-04,"Same station complex, spelled differently (Dakshineswar / Dakshineshwar); about 20 m"
metro_dakshineswar,ferry_dakshineswar,S-MR-01,"Skywalk from the metro and rail station to the temple; the ghat is behind the temple, about 640 m"
rail_dakshineshwar,ferry_dakshineswar,S-MR-01,"Via the Dakshineswar skywalk and temple, about 640 m"
metro_majerhat,rail_majherhat,S-MR-01;S-MR-04,"Purple Line Majerhat and Majerhat railway station (spelled Majherhat in OSM), about 155 m"
metro_kavi_subhash_orange,rail_new_garia,S-MR-01;S-MR-04,"Kavi Subhash metro adjoins New Garia railway station, about 190 m"
ferry_fairlie,rail_bbd_bagh,S-MR-01,"Fairlie Ghat jetty opposite BBD Bag Circular Railway station, about 130 m"
ferry_ahiritola,rail_sovabazar_ahiritola,S-MR-01,"Ahiritola Ghat and Sovabazar Ahiritola station, about 210 m"
ferry_shobhabazar,rail_sovabazar_ahiritola,S-MR-01,"Shobhabazar Ghat and Sovabazar Ahiritola station, about 260 m"
metro_rabindra_sarobar,rail_tollygunge,S-MR-01,"Rabindra Sarobar metro and Tollygunge railway station (Budge Budge line), about 240 m"
rail_eden_gardens,ferry_babughat,S-MR-01,"Eden Gardens station and Babughat / Chandpal Ghat on Strand Road, about 530 m"
rail_bbd_bagh,ferry_millennium_park,S-MR-01,"BBD Bag station and the Millennium Park (Shipping) jetty, about 550 m"
rail_seoraphuli,ferry_sheoraphuli,S-MR-01,"Seoraphuli station and Sheoraphuli Ghat (ferry to Barrackpore), about 330 m"
rail_serampore,ferry_jugal_auddy_ghat,S-MR-01,"Serampore station and Jugal Auddy Ghat (ferry to Barrackpore), about 650 m"
rail_belur_math,ferry_belur_math,S-MR-01,"Belur Math station and Belur Math Ghat through the Math grounds, about 840 m"
