applies_to,km_from,km_to,fare_inr,source_id,confidence,notes
metro_blue,0,2,5,S-MR-04,community,Wikipedia fare table citing MTP fare page (archived 2019); not reconfirmed on live MTP site (fare page empty 2026-10-05)
metro_blue,2,5,10,S-MR-04,community,Wikipedia fare table citing MTP fare page (archived 2019); not reconfirmed on live MTP site (fare page empty 2026-10-05)
metro_blue,5,10,15,S-MR-04,community,Wikipedia fare table citing MTP fare page (archived 2019); not reconfirmed on live MTP site (fare page empty 2026-10-05)
metro_blue,10,20,20,S-MR-04,community,Wikipedia fare table citing MTP fare page (archived 2019); not reconfirmed on live MTP site (fare page empty 2026-10-05)
metro_blue,20,,25,S-MR-04,community,Wikipedia fare table citing MTP fare page (archived 2019); not reconfirmed on live MTP site (fare page empty 2026-10-05)
metro_green;metro_purple;metro_orange;metro_yellow,0,2,5,S-MR-04,community,Wikipedia 'Other lines' fare table; not reconfirmed on live MTP site
metro_green;metro_purple;metro_orange;metro_yellow,2,5,10,S-MR-04,community,Wikipedia 'Other lines' fare table; not reconfirmed on live MTP site
metro_green;metro_purple;metro_orange;metro_yellow,5,10,20,S-MR-04,community,Wikipedia 'Other lines' fare table; not reconfirmed on live MTP site
metro_green;metro_purple;metro_orange;metro_yellow,10,,30,S-MR-04,community,Wikipedia 'Other lines' fare table; not reconfirmed on live MTP site
smart_card,,,,S-MR-04,community,"General smart card: Rs 60 refundable security deposit, common across lines; 10% bonus on value loaded per community sites (S-MR-09). Tourist cards Rs 250 (1 day) and Rs 550 (3 days) per Wikipedia. Paper QR and mobile QR (Aamar Kolkata Metro app) tickets on all lines; tokens withdrawn from Jan 2025."
