route_id,direction,days_mask_mon_to_sun,first_service,last_service,headway_min_peak,headway_min_offpeak,source_id,notes
metro_blue,0,1111100,06:00,22:18,6,7,S-MR-03,"Weekday PDF w.e.f. 2026-07-27, departures from Dakshineswar"
metro_blue,1,1111100,06:00,22:30,6,7,S-MR-03,"Weekday PDF w.e.f. 2026-07-27, departures from Shahid Khudiram"
metro_blue,0,0000010,06:00,22:18,7,8,S-MR-03,"Saturday PDF (mtp_SAT_BLUE_LINE_UPDATED), departures from Dakshineswar"
metro_blue,1,0000010,06:00,22:30,7,8,S-MR-03,"Saturday PDF, departures from Shahid Khudiram"
metro_blue,0,0000001,09:00,22:18,10,10,S-MR-03,"Sunday PDF w.e.f. 2026-08-09, departures from Dakshineswar"
metro_blue,1,0000001,09:00,22:30,10,10,S-MR-03,"Sunday PDF w.e.f. 2026-08-09, departures from Shahid Khudiram"
metro_green,0,1111100,06:00,22:30,6,10,S-MR-03,"Weekday PDF, departures from Howrah Maidan"
metro_green,1,1111100,06:09,22:30,6,10,S-MR-03,"Weekday PDF, first and last from the Sector V / City Centre column"
metro_green,0,0000010,06:00,22:30,8,10,S-MR-03,"Saturday PDF, departures from Howrah Maidan"
metro_green,1,0000010,06:09,22:30,8,10,S-MR-03,"Saturday PDF, Sector V / City Centre column"
metro_green,0,0000001,09:00,22:30,15,15,S-MR-03,"Sunday PDF, departures from Howrah Maidan"
metro_green,1,0000001,09:00,22:30,15,15,S-MR-03,"Sunday PDF, Sector V / City Centre column"
metro_purple,0,1111100,06:40,21:05,21,21,S-MR-12,"Monday to Friday, departures from Joka (23 min gap before 07:26)"
metro_purple,1,1111100,07:03,21:26,21,21,S-MR-12,"Monday to Friday, departures from Majerhat"
metro_purple,0,0000010,13:25,20:11,21,21,S-MR-12,"Saturday w.e.f. 2025-11-22, afternoon only, departures from Joka, about 21 min apart"
metro_purple,1,0000010,13:49,20:32,21,21,S-MR-12,"Saturday w.e.f. 2025-11-22, afternoon only, departures from Majerhat"
metro_orange,0,1111100,07:40,20:20,25,25,S-MR-11,"Monday to Friday only, departures from Kavi Subhash (07:40 first, then from 08:10 every 25 min)"
metro_orange,1,1111100,08:10,20:45,25,25,S-MR-11,"Monday to Friday only, departures from Beleghata"
metro_yellow,0,1111100,07:18,21:00,12,12,S-MR-03,"Weekday PDF w.e.f. 2026-05-18, departures from Noapara"
metro_yellow,1,1111100,07:40,21:20,12,12,S-MR-03,"Weekday PDF w.e.f. 2026-05-18, departures from Jai Hind"
metro_yellow,0,0000010,07:18,21:00,18,18,S-MR-03,"Saturday PDF w.e.f. 2026-05-23, departures from Noapara"
metro_yellow,1,0000010,07:40,21:20,18,18,S-MR-03,"Saturday PDF w.e.f. 2026-05-23, departures from Jai Hind"
metro_yellow,0,0000001,09:18,21:00,18,18,S-MR-03,"Sunday PDF w.e.f. 2026-08-02, departures from Noapara"
metro_yellow,1,0000001,09:40,21:20,18,18,S-MR-03,"Sunday PDF w.e.f. 2026-08-02, departures from Jai Hind"
